year,average_gdp
1947,0.3636734383333333
1951,1.343030712
1955,1.6085576307499998
1959,1.13348956325
1963,1.2669377855
1967,0.66175263275
1971,1.07896682725
1975,0.6388520609999999
1979,0.319914934
1983,1.9196869565
1987,1.10218349375
1991,0.29141757225
1995,0.5456988955
1999,1.181220097
2003,1.0653507595
2007,0.48986968675
2011,0.4015096
2015,0.5371837349999999
2019,0.579746331
