year,average_gdp
1948,1.242603485
1952,0.6686020923333333
1956,0.11603162300000001
1960,0.7323951816666667
1964,1.5864280486666666
1968,1.4950914953333334
1972,1.6843680283333333
1976,1.1770589886666667
1980,-0.6216033553333333
1984,1.5488748693333334
1988,0.805474122
1992,1.0898923116666666
1996,1.1045952076666667
2000,0.7754933696666667
2004,0.7470505746666667
2008,-0.199889446
2012,0.4493808286666667
2016,0.474242608
2020,-0.9158450546666662
