party,average_poll
democrat,51.090898692810455
republican,42.304460784313726
