party,average_poll
democrat,51.12320726172466
republican,42.326232980332826
